wallet,hash,block_signed_at,value,gas_spent,to_address,from_address,successful
0x1c1b30ca93ef57452d53885d97a74f61daf2bf4f,0xa7bbbb8681daae992fff604421404b61d01a9bdfca101c212b5da3a2fd4c64b7,2021-01-28T08:14:08Z,0,75842,0x3d9819210a31b4961b30ef54be2aed79b9c9cd3b,0x1c1b30ca93ef57452d53885d97a74f61daf2bf4f,True
0x1c1b30ca93ef57452d53885d97a74f61daf2bf4f,0x5514bca3a9bfb9666ce3ad6f4d63c764de8ed7e042b51117bfe23c4af1638548,2021-01-28T08:13:13Z,0,75854,0x3d9819210a31b4961b30ef54be2aed79b9c9cd3b,0x1c1b30ca93ef57452d53885d97a74f61daf2bf4f,True
0x1c1b30ca93ef57452d53885d97a74f61daf2bf4f,0x7c8ad6db032be663eba75020b3d3d4165385062ebdbf682599d72bbfd2d182b2,2021-01-26T09:38:46Z,0,90854,0x3d9819210a31b4961b30ef54be2aed79b9c9cd3b,0x1c1b30ca93ef57452d53885d97a74f61daf2bf4f,True
0x427f2ac5fdf4245e027d767e7c3ac272a1f40a65,0xeb678be61a33983d811fa60928e1eacc181fd211c3882135ee3092a258074738,2023-01-10T23:23:35Z,0,81543,0x3d9819210a31b4961b30ef54be2aed79b9c9cd3b,0x427f2ac5fdf4245e027d767e7c3ac272a1f40a65,True
0x4814be124d7fe3b240eb46061f7ddfab468fe122,0xc1deba9f66308373a7514d1894e26ecca8a3cca6dc017d5716d121ad660af14e,2021-03-28T14:57:20Z,0,223458,0x3d9819210a31b4961b30ef54be2aed79b9c9cd3b,0x4814be124d7fe3b240eb46061f7ddfab468fe122,True
0x4814be124d7fe3b240eb46061f7ddfab468fe122,0xda3bcb6d5b772ecaefb93856eebfb53259fe3f6be5c88307378e2b9bc48b0380,2020-12-13T02:28:21Z,0,248413,0x3d9819210a31b4961b30ef54be2aed79b9c9cd3b,0x4814be124d7fe3b240eb46061f7ddfab468fe122,True
0x4814be124d7fe3b240eb46061f7ddfab468fe122,0xab62414fa814c6398cffa82422cd1d8aa5d5ccac4454113fb12afa397530e7fe,2020-12-13T02:23:03Z,0,75943,0x3d9819210a31b4961b30ef54be2aed79b9c9cd3b,0x4814be124d7fe3b240eb46061f7ddfab468fe122,True
0x4814be124d7fe3b240eb46061f7ddfab468fe122,0xc11dde8054bb2319ef326fdbf8c47ccf8f4c4e149e249f95bafbd8fe6a0d9563,2020-12-13T02:23:03Z,0,75943,0x3d9819210a31b4961b30ef54be2aed79b9c9cd3b,0x4814be124d7fe3b240eb46061f7ddfab468fe122,True
0x4814be124d7fe3b240eb46061f7ddfab468fe122,0x7ed353110a0c9652945a704f8297688884ca63b088db566a2fbf497819d8d553,2020-12-13T02:23:03Z,0,75943,0x3d9819210a31b4961b30ef54be2aed79b9c9cd3b,0x4814be124d7fe3b240eb46061f7ddfab468fe122,True
0x4814be124d7fe3b240eb46061f7ddfab468fe122,0x53cd9aa43ecf2c3f8b201dc52d5078d78afb58b8058790f561c9e6fd49bdc2c3,2020-12-13T02:10:34Z,0,172868,0x3d9819210a31b4961b30ef54be2aed79b9c9cd3b,0x4814be124d7fe3b240eb46061f7ddfab468fe122,True
0x4814be124d7fe3b240eb46061f7ddfab468fe122,0xf4477f2a4bfda8bbe2f21d68227a822f11f923604006d8c42e63c306acf45b6c,2020-12-13T02:10:34Z,0,216540,0x3d9819210a31b4961b30ef54be2aed79b9c9cd3b,0x4814be124d7fe3b240eb46061f7ddfab468fe122,True
0x4814be124d7fe3b240eb46061f7ddfab468fe122,0x7c334c26bcd8bec9a052507a17e18b42da5f1e9dfd9134b1c4f5fd772f6d8264,2020-12-13T01:55:24Z,0,207102,0x3d9819210a31b4961b30ef54be2aed79b9c9cd3b,0x4814be124d7fe3b240eb46061f7ddfab468fe122,True
0x4814be124d7fe3b240eb46061f7ddfab468fe122,0x7ebcc7b57e2634b12474b2abcb244a896705bf20831db0f45ae5338ba50ab704,2020-12-13T01:54:53Z,0,238804,0x3d9819210a31b4961b30ef54be2aed79b9c9cd3b,0x4814be124d7fe3b240eb46061f7ddfab468fe122,True
0x4814be124d7fe3b240eb46061f7ddfab468fe122,0x3118053ca798e5a1eb24a658f6d461ace44eba3bfca7cf416222bb7c68f80613,2020-12-13T01:54:53Z,0,278123,0x3d9819210a31b4961b30ef54be2aed79b9c9cd3b,0x4814be124d7fe3b240eb46061f7ddfab468fe122,True
0x4814be124d7fe3b240eb46061f7ddfab468fe122,0x5c5186b2d75a595786870bae3918aebaeebf3d9e1bab82dcbcf3f8432f55f9d2,2020-11-06T16:34:53Z,0,77609,0x3d9819210a31b4961b30ef54be2aed79b9c9cd3b,0x4814be124d7fe3b240eb46061f7ddfab468fe122,True
0x612a3500559be7be7703de6dc397afb541a16f7f,0xf914ac5142a68b3826d8e4143925a5e1e2dae4d59acb27dd710e2618f98f71f0,2021-03-03T11:30:10Z,0,75854,0x3d9819210a31b4961b30ef54be2aed79b9c9cd3b,0x612a3500559be7be7703de6dc397afb541a16f7f,True
0x612a3500559be7be7703de6dc397afb541a16f7f,0x137668cc0e99b76e1d4d0e709e7396d80cae4d3c5b501f515f730f243c817334,2021-03-03T11:16:57Z,0,75854,0x3d9819210a31b4961b30ef54be2aed79b9c9cd3b,0x612a3500559be7be7703de6dc397afb541a16f7f,True
0x623af911f493747c216ad389c7805a37019c662d,0xdeae182e06b1b224930ce891fbc5c6c42c76498ce2a4f6846788fd7c78955256,2024-07-19T14:26:47Z,0,136197,0x3d9819210a31b4961b30ef54be2aed79b9c9cd3b,0x623af911f493747c216ad389c7805a37019c662d,True
0x70d8e4ab175dfe0eab4e9a7f33e0a2d19f44001e,0xef0a787239cc452b6195dc1b0e893b7037fbcf06745d92170b0c1886b4673bf5,2023-01-26T02:07:59Z,0,81543,0x3d9819210a31b4961b30ef54be2aed79b9c9cd3b,0x70d8e4ab175dfe0eab4e9a7f33e0a2d19f44001e,True
0x70d8e4ab175dfe0eab4e9a7f33e0a2d19f44001e,0xb3279480278db474bb5f480207d10908c651e9c2e55781a556b205a74f5cf76f,2020-05-27T06:07:35Z,0,77530,0x3d9819210a31b4961b30ef54be2aed79b9c9cd3b,0x70d8e4ab175dfe0eab4e9a7f33e0a2d19f44001e,True
0x70d8e4ab175dfe0eab4e9a7f33e0a2d19f44001e,0xbe01e441a534fa55fe9eb46b4fff844201243a5d484aba79d4abee571d30a285,2020-05-27T04:46:43Z,0,316920,0x3d9819210a31b4961b30ef54be2aed79b9c9cd3b,0x70d8e4ab175dfe0eab4e9a7f33e0a2d19f44001e,True
0x70d8e4ab175dfe0eab4e9a7f33e0a2d19f44001e,0x324fad5d39d4c7230197daed83addf19bd82e0c9610a39ae1229c108841d3515,2020-05-23T22:23:31Z,0,347983,0x3d9819210a31b4961b30ef54be2aed79b9c9cd3b,0x70d8e4ab175dfe0eab4e9a7f33e0a2d19f44001e,True
0x8be38ea2b22b706aef313c2de81f7d179024dd30,0x8237df861921e8fc75aff82586774cdf5c69bfe056c0605ee7d1c9ff62b6599b,2021-04-11T17:56:10Z,0,75854,0x3d9819210a31b4961b30ef54be2aed79b9c9cd3b,0x8be38ea2b22b706aef313c2de81f7d179024dd30,True
0x8be38ea2b22b706aef313c2de81f7d179024dd30,0xec2b923d4a771d9648b347847918a8b5b7f7aef5ae4f23de291a6fa185e27209,2021-04-11T09:34:36Z,0,75854,0x3d9819210a31b4961b30ef54be2aed79b9c9cd3b,0x8be38ea2b22b706aef313c2de81f7d179024dd30,True
0x8be38ea2b22b706aef313c2de81f7d179024dd30,0xc09edc187d374d3570a1ee2f70f4cab7df3bde07b8d375a4ae001a1afe9a770c,2021-04-11T09:31:08Z,0,90854,0x3d9819210a31b4961b30ef54be2aed79b9c9cd3b,0x8be38ea2b22b706aef313c2de81f7d179024dd30,True
0x9a363adc5d382c04d36b09158286328f75672098,0xad0e04e3d8b2e13280a189ecc523f09e7f8c900f9d3d5422fb5961f8a256c58b,2019-08-11T02:30:45Z,0,389445,0x3d9819210a31b4961b30ef54be2aed79b9c9cd3b,0x9a363adc5d382c04d36b09158286328f75672098,True
0x9ba0d85f71e145ccf15225e59631e5a883d5d74a,0x5129980a50cd1a6f35027bfad72b2723f94695d929bc464602b07ddcc23e97b4,2025-07-04T02:24:23Z,0,98643,0x3d9819210a31b4961b30ef54be2aed79b9c9cd3b,0x9ba0d85f71e145ccf15225e59631e5a883d5d74a,True
0xcbbd9fe837a14258286bbf2e182cbc4e4518c5a3,0x1408354a01141805534265244d0b061b6c9ef3eecbe7986b5beee2bf1c4b610a,2021-04-29T02:09:56Z,0,110219,0x3d9819210a31b4961b30ef54be2aed79b9c9cd3b,0xcbbd9fe837a14258286bbf2e182cbc4e4518c5a3,True
0xcbbd9fe837a14258286bbf2e182cbc4e4518c5a3,0xfb439d33300610e134cd7ee9e7beb66b5470f99615376ca0b9bf43e5695220dd,2020-10-21T00:35:44Z,0,92609,0x3d9819210a31b4961b30ef54be2aed79b9c9cd3b,0xcbbd9fe837a14258286bbf2e182cbc4e4518c5a3,True
0xf10fd8921019615a856c1e95c7cd3632de34edc4,0x3f4831aa50110cdb1761ff414b320bf524a66925dacfd0b8764ce0624ed168c7,2020-07-05T12:50:51Z,0,92587,0x3d9819210a31b4961b30ef54be2aed79b9c9cd3b,0xf10fd8921019615a856c1e95c7cd3632de34edc4,True
